{"B": 103.99956030114168, "R": 122.68661814657035, "G": 116.65570435155847}